Accession,geneSymbol,entrezID,moduleColor,GS.ChemoRes,p.GS.ChemoRes,MM.turquoise,p.MM.turquoise,MM.grey
NM_178502.2,NUPR1,26471,turquoise,0.349864565643073,0.000192122482517484,-0.717172807767879,1.76138936293421e-18,-0.460958008844765
NM_004465.1,LIFR,3977,turquoise,0.339598913317661,0.00030311746167337,-0.519107226969826,7.33377874515909e-09,-0.279425419338113
NM_001025203.1,WNT7A,7476,turquoise,-0.339487321694815,0.000304597627869433,0.658216023500813,7.40138442444869e-15,0.398571862681266
NM_003537.3,PRKACB,5567,turquoise,-0.327208485058608,0.000514895287707676,0.70947882598326,5.88393038689008e-18,0.227455179415879
NM_004380.2,MAP3K1,4214,turquoise,0.322219297421954,0.000633405536172898,-0.438515616632694,1.84865224016197e-06,-0.240077929874911
NM_016834.3,IGFBP3,3486,turquoise,0.309029466078638,0.00107706521443742,-0.634551036136991,1.27670475105337e-13,-0.38988142096047
NM_003933.4,STAT1,6772,turquoise,0.308903110959418,0.00108243138519516,-0.549854846702767,5.91777349646658e-10,-0.34016882158414
NM_181573.2,IL12B,3593,turquoise,-0.304861556532911,0.00126747736848154,0.71873043899242,1.373080486119e-18,0.221189072910058
NM_003109.1,MAP2K6,5608,turquoise,0.299577096698418,0.00155279270591727,-0.367597464363615,8.41789367605989e-05,-0.207036571388602
NM_001254.3,FZD7,8324,turquoise,-0.293931560321696,0.00192097840019694,0.291275520591263,0.00212014212290267,0.148276516136495
NM_032019.5,RAD52,5893,turquoise,0.289429680026405,0.00226935276854939,-0.402746066016229,1.4141102525096e-05,-0.288369929625404
NM_002228.3,COG7,91949,turquoise,-0.284335141432161,0.00273164362372759,0.358830746498009,0.000127349137502299,0.436837006023178
NM_005902.3,DLL3,10683,turquoise,0.283318257335174,0.0028334895500012,-0.54654125806013,7.85808843464828e-10,-0.417594979944951
NM_001556.1,CIC,23152,turquoise,0.278647001094566,0.00334663558013081,-0.475911423519956,1.69391230941182e-07,-0.356840701201648
NM_001203.1,FCF1,51077,turquoise,0.277140350515593,0.0035291085579255,-0.395610154325729,2.0652585521792e-05,-0.313323550547197
NM_001237.2,ASXL1,171023,turquoise,-0.272514108793369,0.0041464773640851,0.699130786649583,2.80508093718425e-17,0.153931450912771
NM_002585.2,SFN,2810,turquoise,0.27063598788566,0.00442352247833397,-0.568338668435336,1.14769576086678e-10,-0.3414272067417
NM_031966.2,CREB3L3,84699,turquoise,-0.270257189942833,0.00448136349543358,0.573436210957498,7.17019913445853e-11,0.0807326847861879
NM_004456.3,HRAS,3265,turquoise,-0.267222672842647,0.00496964887858871,0.694906450014602,5.20717473550567e-17,0.147161553010143
NM_014159.6,HMGA1,3159,turquoise,0.260108950587852,0.00630480994997079,-0.424878601068092,4.12750112766302e-06,-0.261484260678756
NM_000720.2,RASGRP1,10125,turquoise,0.25795433535239,0.00676767426091059,-0.638450693256224,8.12161323463932e-14,-0.305533006420771
NM_001379.2,KLF4,9314,turquoise,-0.255114548477324,0.00742360245808842,0.636228634644166,1.05177341281206e-13,0.136167956880317
NM_007111.4,MET,4233,turquoise,-0.253222878230046,0.00789115081209437,0.612339425737384,1.49250367008426e-12,0.228651724573702
NM_053056.2,CREB3L4,148327,turquoise,0.252282600188654,0.00813308276983446,-0.569624531112707,1.02005086723829e-10,-0.308764245956115
NM_170693.1,FOS,2353,turquoise,0.248982786962979,0.00903470413801556,-0.37380486692275,6.2335619915053e-05,-0.226404707230611
NM_003536.2,PRKACA,5566,turquoise,-0.246303664383188,0.00983029746285041,0.363027492255781,0.000104610053390989,-0.0963071345748328
NM_133487.2,HDAC2,3066,turquoise,-0.243245610566489,0.0108130646560057,0.605246284170584,3.14478571573944e-12,0.170263247362977
NM_004529.2,IRAK3,11213,turquoise,0.241089820202049,0.0115566399666154,-0.21775812949765,0.0229287443317845,-0.235976078429955
NM_006607.2,PITX2,5308,turquoise,-0.240861551838359,0.0116379340570613,0.707713539201769,7.71719512117053e-18,0.13155934921769
NM_006301.2,FGFR4,2264,turquoise,0.240341639555832,0.011824961813211,-0.678039640463842,5.55598298000105e-16,-0.419425760635357
NM_001142354.1,IL12A,3592,turquoise,0.239940986589336,0.0119708760852737,-0.435563707121272,2.20624723907185e-06,-0.221537603560813
NM_000121.2,GATA3,2625,turquoise,0.239931210039001,0.0119744562000818,-0.55996698966515,2.44273725812047e-10,-0.343803882507534
NM_003482.3,PPP3R2,5535,turquoise,0.239659784974008,0.0120742247912538,-0.487636372512051,7.53691742784974e-08,0.0209836542644304
NM_015559.2,NA,NA,turquoise,0.238961009773113,0.0123344249301824,-0.449461933502695,9.45563226340925e-07,-0.34673278726206
NM_000135.2,MAPK8IP1,9479,turquoise,-0.233063030441507,0.0147327590264774,0.755712313688606,2.16731679958924e-21,0.206403261645618
NM_001145646.1,PTPN11,5781,turquoise,0.232968819236084,0.0147741455658672,-0.477862073478484,1.48349862137351e-07,-0.228702657911875
NM_001114121.1,PTEN,5728,turquoise,-0.230830213964102,0.0157411799961093,0.842575713463704,1.59442778979635e-30,0.364017264380274
NM_057735.1,GAS1,2619,turquoise,-0.229155041685031,0.0165365451343138,0.416205001135556,6.75761245220921e-06,0.0677750619143546
NM_006739.3,PDGFC,56034,turquoise,-0.224542339372288,0.0189089123058106,0.536796814582034,1.77759401034944e-09,0.125858670797305
NM_005225.1,COL3A1,1281,turquoise,-0.221957550126583,0.0203624200219166,0.512736003157957,1.1981671236958e-08,0.121775862780227
NM_001267.2,SMAD2,4087,turquoise,0.221425714885973,0.0206731227056339,-0.458821405700613,5.23086659008225e-07,-0.582569437909502
NM_003561.1,MLH1,4292,turquoise,0.220380206879773,0.0212958110959011,-0.451598066316151,8.27332124869697e-07,-0.37757136164977
NM_003318.3,FUT8,2530,turquoise,-0.218484040196698,0.0224662804343472,0.802825356589133,8.86123238639957e-26,0.216222980740649
NM_024670.3,PTPRR,5801,turquoise,-0.216502923940079,0.0237476558085865,0.527780966846934,3.69782869213314e-09,0.342455633104715
NM_001040056.1,FBXW7,55294,turquoise,0.21567487148406,0.0243014749048566,-0.617648826645309,8.43915637620128e-13,-0.235289877953041
NM_000168.5,PLA1A,51365,turquoise,0.214321741346687,0.0252302281940248,-0.633130617862098,1.5029880606234e-13,-0.251032618420097
NM_001238.1,CHEK2,11200,turquoise,-0.212633055000808,0.026431636653738,0.716846046433176,1.8554671345041e-18,0.309909041093398
NM_000038.3,AMMECR1L,83607,turquoise,0.212518344506174,0.0265149852687331,-0.450072163588361,9.10246032618986e-07,-0.18274680814487
NM_024827.3,TNR,7143,turquoise,0.211434105860713,0.0273139097636032,-0.391456694556862,2.56442325356898e-05,-0.338668319536404
NM_014176.3,IL22RA2,116379,turquoise,-0.209915853245761,0.0284669887642752,0.52774233548841,3.70928230081745e-09,0.0622050345106874
NM_002692.2,NGF,4803,turquoise,-0.209129709341965,0.029080119323469,0.368064773527376,8.23139640962852e-05,0.259329401679813
NM_001789.2,CNOT4,4850,turquoise,-0.208590089871762,0.0295074350784983,0.672110103804396,1.23084370369534e-15,0.176895287203837
NM_001527.1,ATM,472,turquoise,-0.208301986909263,0.029737751295356,0.720905225944522,9.67074081403294e-19,0.471750828970925
NM_006939.2,NPM1,4869,turquoise,0.207430504557129,0.0304437322874699,-0.559229960583754,2.60808785990327e-10,0.0333920340254189
NM_001002295.1,EIF4EBP1,1978,turquoise,0.201355184253045,0.0357703469746155,-0.719042282461774,1.30603454184081e-18,-0.46629544211091
NM_002592.2,COL11A2,1302,turquoise,-0.201153673855003,0.0359596671498298,0.531926922509243,2.64740260292763e-09,0.118512809626091
NM_005732.2,MDM2,4193,turquoise,0.20105910434923,0.0360488057383787,-0.549567938839662,6.06562072339886e-10,-0.247107406424108
NM_139276.2,CSF3R,1441,turquoise,0.199893511022792,0.0371627978167695,-0.295428457174394,0.00181634905657021,-0.158594535269124
NM_000875.2,CAPN2,824,turquoise,0.192199080130669,0.0452641465473098,-0.543507486758647,1.0160269194792e-09,-0.476964759902657
NM_012324.2,CDH1,999,turquoise,0.191828687072555,0.0456885261766718,-0.318087662890089,0.000749947260842583,-0.331655864959239
NM_001540.3,PIM1,5292,turquoise,0.190325034566895,0.047445428468937,-0.406832129404789,1.13391863344645e-05,-0.227379881732981
NM_005921.1,FGFR2,2263,turquoise,0.188191270872531,0.0500343693291774,-0.594115806685497,9.76483661589556e-12,-0.267636222853431
NM_021173.2,IL22RA1,58985,turquoise,0.186781025753157,0.0518087110138017,-0.685774042083294,1.91376610735681e-16,-0.33819925470577
NM_003239.2,IL1A,3552,turquoise,0.18599030900718,0.0528260760904543,-0.707900289991023,7.49962454744291e-18,-0.124173057462388
NM_001011645.1,HGF,3082,turquoise,0.182996579873257,0.0568281242213345,-0.745882813556501,1.34143259069393e-20,-0.109940105821295
NM_004448.2,BDNF,627,turquoise,-0.181513270088895,0.0589013004656577,-0.304642148382524,0.00127830238353366,0.36309142133723
NM_004111.4,BCL2A1,597,turquoise,-0.180472246629636,0.0603929587114709,0.572596230243999,7.75240345062371e-11,0.18192107866824
NM_182746.1,PAX5,5079,turquoise,-0.177180138962044,0.0653144625295674,0.69442118118889,5.58686368143434e-17,0.252073478586068
NM_004420.2,SFRP2,6423,turquoise,-0.176606580963161,0.0662043601226055,0.181047829415372,0.0595644494636959,0.170688136289968
NM_003592.2,PLA2G4A,5321,turquoise,-0.175834177561014,0.0674183097536081,0.4955319566394,4.29377560845958e-08,0.358975539659657
NM_152641.2,TNFRSF10A,8797,turquoise,0.175502652082182,0.0679448616810813,-0.477949923528717,1.4746347307539e-07,-0.284733291435243
NM_001005505.1,PIK3R2,5296,turquoise,0.174873715204806,0.0689529447078299,-0.650861422057973,1.84239513153486e-14,-0.41831628017373
NM_033381.1,RUNX1,861,turquoise,0.174035628666477,0.0703150520941227,-0.484665326284122,9.28023989396549e-08,-0.201870362789372
NM_000179.1,CACNB2,783,turquoise,-0.173537716718707,0.0711345405102931,0.630841032122814,1.95172481853303e-13,0.333214493904902
NM_001847.2,SOCS2,8835,turquoise,0.173096121772879,0.0718677824049509,-0.38452144420084,3.65751720336658e-05,-0.174359832822744
NM_006006.4,CACNA2D2,9254,turquoise,0.172793389451765,0.0723739688578055,-0.417658211330589,6.22778254634976e-06,-0.158197942506653
NM_004655.3,GRB2,2885,turquoise,0.172089969369683,0.0735612448365098,-0.48019848743873,1.26420923775911e-07,-0.197176794419998
NM_145904.1,MRPS5,64969,turquoise,-0.169595975764531,0.0778978381176485,0.413878827054919,7.69506871774675e-06,0.189357198210532
NM_000657.2,MAML2,84441,turquoise,0.169263197056867,0.0784916874375472,-0.493735497482183,4.88629355660512e-08,-0.524516798004806
NM_004755.2,FGF7,2252,turquoise,0.166541278332183,0.0834864580685078,-0.369982542439634,7.50562756239136e-05,-0.043971909127787
NM_005375.2,COL4A4,1286,turquoise,0.165981157089218,0.0845451191890123,-0.558009046857493,2.90596406821503e-10,-0.320260152382572
NM_000163.2,IL1RAP,3556,turquoise,0.164905356218988,0.0866084608749752,-0.33931634240512,0.000306878468062376,-0.127708089470959
NM_000727.2,RBX1,9978,turquoise,0.163783625892023,0.088802381365669,-0.578829334702104,4.32057871770409e-11,-0.339253687550608
NM_001040168.1,ZC3H14,79882,turquoise,0.162675872814948,0.0910120671384461,-0.667924166603033,2.13460061546865e-15,-0.236493722816569
NM_002915.3,STAT4,6775,turquoise,-0.16073517039501,0.094988134980322,0.589331679322917,1.56832426003432e-11,0.225643258490714
NM_002105.2,HDAC11,79885,turquoise,-0.160724550175332,0.0950102648835423,0.253274299277139,0.00787810547785294,0.163442639718687
NM_018063.3,NR4A1,3164,turquoise,-0.159227059197204,0.098171647333939,0.555904787463533,3.4978026402265e-10,0.0675794928621604
NM_005544.2,MDC1,9656,turquoise,0.158685352251127,0.0993354477455633,-0.54629875946873,8.0219035996382e-10,-0.477140000401459
NM_032888.2,PIK3CG,5294,turquoise,0.158093912597574,0.10061845793725,0.354691742397861,0.000154202990252755,0.0264898476907546
NM_000249.2,IL5RA,3568,turquoise,0.157623227451659,0.101648790014173,-0.386522841010071,3.30401921403238e-05,-0.135656392382986
NM_005983.2,COL5A1,1289,turquoise,-0.156784637793287,0.103504969788706,0.670557140474825,1.51134980194892e-15,0.278136591947325
NM_005938.2,BIRC7,79444,turquoise,0.154893879882788,0.107787497348298,-0.234638422319688,0.0140554741212355,0.030122574508931
NM_181042.3,SKP1,6500,turquoise,-0.153070073215214,0.112048231495867,0.142817208647906,0.138481164004112,0.26496258469301
NM_170679.2,NUBP1,4682,turquoise,0.152732944006775,0.112849974245954,-0.269700378439452,0.00456761312035295,-0.107987878436343
NM_014405.2,IDH1,3417,turquoise,0.149449650097145,0.120893032283515,-0.626939554269924,3.03119340184001e-13,-0.277336066178113
NM_002954.5,UTY,7404,turquoise,-0.149036788385286,0.121934951860074,0.611840906119571,1.57372153526390e-12,0.433864162224623
NM_000251.1,IL6,3569,turquoise,-0.146256110626807,0.129133612573975,0.573388817814497,7.20189447381393e-11,0.225420157729468
NM_003503.2,FGF23,8074,turquoise,-0.146002272072247,0.12980663010362,0.578882278831247,4.29894989033045e-11,0.0933899124427122
NM_024665.4,WNT2,7472,turquoise,-0.145595024164553,0.130891995357879,0.291566379258764,0.00209745664825473,0.320598370106247
NM_001003652.1,CTNNB1,1499,turquoise,0.145198219594557,0.131956189124127,-0.378636008018659,4.91303515076212e-05,-0.136953413931363
NM_138578.1,CDKN1C,1028,turquoise,0.143477031175255,0.136648909879567,-0.635192185140596,1.18572353424552e-13,-0.163580744276694
NM_000059.3,IL3RA,3563,turquoise,-0.142276848583991,0.139995533583063,0.337304079356609,0.000334932691526055,-0.00652052687977311
NM_001790.2,CNTFR,1271,turquoise,-0.142240619443565,0.140097514020522,0.482318401387161,1.09229257207931e-07,0.00834691054900357
NM_006904.6,FZD10,11211,turquoise,-0.136348639620454,0.157443654946101,0.574109304572931,6.7343102861625e-11,0.244839644802828
NM_012435.2,THBS1,7057,turquoise,0.133713102221757,0.165702769488472,-0.612803432167579,1.42056077623057e-12,-0.163924717619283
NM_003248.3,NGFR,4804,turquoise,0.133473000206664,0.16647086638023,-0.533108316614289,2.40495258542027e-09,-0.161359029822131
NM_001005747.2,RUNX1T1,862,turquoise,0.128165828886783,0.184129024291598,-0.313570786143792,0.000899576398245792,0.0215736535019139
NM_006311.3,VEGFC,7424,turquoise,0.125468661593933,0.193610219194552,-0.374078284562561,6.15075620623443e-05,-0.00563928759172918
NM_003390.3,PROM1,8842,turquoise,-0.125448352045075,0.193682928115,0.47196790664012,2.20931954041164e-07,0.194757526643574
NM_144717.2,SMAD9,4093,turquoise,-0.123056853166359,0.20238332307901,0.567777383822782,1.20811686268936e-10,0.375187902231339
NM_002423.3,MTMR14,64419,turquoise,-0.121757506543944,0.207226471197046,0.653919904648258,1.26473858715738e-14,0.313485506665723
NM_005438.2,COL4A6,1288,turquoise,-0.121552885575415,0.207996663035068,0.56025409451819,2.38109736124701e-10,0.251842444624009
NM_130898.2,NTF3,4908,turquoise,0.118610270704011,0.219299632086167,-0.607222222062271,2.55994381038168e-12,-0.0792271266602308
NM_003016.3,IL13,3596,turquoise,0.116920809772655,0.225982169493696,0.173748886938897,0.0707860482601521,-0.152358245201997
NM_002753.2,FGF18,8817,turquoise,0.114257584538734,0.236805061794827,-0.349507892513729,0.000195241868501413,0.212916244550677
NM_021098.2,RXRG,6258,turquoise,0.113351826712213,0.240566903607065,-0.538804538803236,1.50560390876203e-09,-0.164109811755587
NM_000245.2,FANCA,2175,turquoise,0.112964504061754,0.242188154670385,0.444879956423422,1.25545813346298e-06,0.291643269341696
NM_001005526.1,NA,NA,turquoise,-0.112639222784481,0.243555555422969,0.484264846107388,9.54277304378921e-08,0.350582696247095
NM_001951.3,LRP2,4036,turquoise,-0.110351107877467,0.253325344171443,0.510307351566462,1.44091426908769e-08,0.144521441455616
NM_003010.2,FGF22,27006,turquoise,0.109583026839774,0.256664398797088,-0.319248660976563,0.000715359310869276,-0.311504554658727
NM_005445.3,SETD2,29072,turquoise,-0.107018590734407,0.268030281114459,0.462668349634788,4.07995514020929e-07,0.239457231191575
NM_004112.2,SMAD4,4089,turquoise,-0.105288560724664,0.275887782515972,0.378553753475148,4.93314369026246e-05,0.309273627892635
NM_000264.3,IL6R,3570,turquoise,-0.104365696754134,0.280142006809581,0.492841694601475,5.20944482638298e-08,0.304469541149866
NM_032638.3,BMP8A,353500,turquoise,0.102718013027342,0.287846252825362,-0.659673033218032,6.1593820365928e-15,-0.179455059051943
NM_002880.2,FGF20,26281,turquoise,-0.102677221554812,0.288038755887187,0.267748212989449,0.00488183014455528,0.193539269987446
NM_004658.1,PIK3R4,30849,turquoise,-0.0967357239130116,0.316993066210285,0.560354615066443,2.35987218242613e-10,0.410663590545468
NM_004419.3,BCOR,54880,turquoise,0.0950827866092095,0.325371654630258,-0.56647327587351,1.36056375863885e-10,0.0101102972672445
NM_004480.4,TSC1,7248,turquoise,0.0944300795820882,0.328718922972478,-0.707890582244011,7.51078587417046e-18,-0.343787164101633
NM_001163771.1,SLC4A1AP,22950,turquoise,0.0940578522332714,0.330637630710264,0.328611286596713,0.000485453976974178,0.227785972034154
NM_006017.1,HES1,3280,turquoise,-0.0904947575923585,0.349364557413806,0.5893909599957,1.55921754142648e-11,0.529554888413362
NM_030761.3,DUSP4,1846,turquoise,0.0902819374103328,0.350503715363039,-0.244376522285198,0.0104400218001117,-0.155863522477581
NM_004064.2,COL24A1,255631,turquoise,0.0892671684960936,0.35596732864281,-0.26321349046838,0.00568727517027672,-0.275496146780183
NM_152633.2,WNT10A,80326,turquoise,-0.086733539270438,0.369838160106939,0.523735127157725,5.10151068446278e-09,-0.0162160696873062
NM_021975.3,NOTCH3,4854,turquoise,-0.0862524990528328,0.372508620320545,0.465165718960501,3.46646706096213e-07,0.397743593582021
NM_007191.2,CSF2,1437,turquoise,0.0846370769721881,0.381562392563418,0.231508234366668,0.015428815793317,0.179712280209296
NM_005359.3,DLL1,28514,turquoise,0.0833488351618518,0.388876993753261,-0.0201692600610486,0.83509876560226,-0.161865484225727
NM_001114636.1,MAPT,4137,turquoise,-0.0812825079818298,0.400783797064541,0.538094296155388,1.59690206131466e-09,0.0417363030428055
NM_004526.2,IKBKB,3551,turquoise,-0.0806287897303907,0.40459520770414,0.575853396376377,5.72040890294561e-11,-0.105290717935688
NM_017617.3,IL19,29949,turquoise,0.0791529134568584,0.413278299012678,0.313647346599719,0.000896827872141992,0.0948557077346827
NM_004485.2,ETS2,2114,turquoise,-0.0789260869576581,0.414622376220335,0.386078096874329,3.37968961067305e-05,-0.0776223416535358
NM_014641.2,KDM6A,7403,turquoise,-0.0757250922360061,0.433860201659887,0.140224100870334,0.145863053300874,-0.204719151385315
NM_002006.4,IL23R,149233,turquoise,0.0745939624400953,0.440777949982884,0.311227018068359,0.00098753457043507,0.0766682419526909
NM_144728.2,NA,NA,turquoise,-0.0744896666247685,0.441418924107054,-0.410682061530714,9.18470419748459e-06,0.0802675983261515
NM_021922.2,ITGB8,3696,turquoise,-0.0730482050054702,0.450331494153425,0.549105509375123,6.31142093944215e-10,0.0218777527331266
NM_001102669.2,WIF1,11197,turquoise,-0.0719417889014184,0.457240098367883,0.561024113744477,2.22308220112249e-10,0.459760062422856
NM_001200.2,CUL1,8454,turquoise,-0.0714680276562447,0.460216170609001,0.416512501743592,6.64207354804852e-06,0.199438095553679
NM_181828.2,JUN,3725,turquoise,-0.0708405583576903,0.464174199443899,0.332952353841935,0.000403871265177579,0.334672359877284
NM_004805.3,SIX1,6495,turquoise,-0.0695814962796889,0.472172322593668,0.338192887024642,0.000322261692907944,0.19910507641225
NM_002662.3,RFC4,5984,turquoise,-0.0693834578973172,0.473437127736967,0.398543073551282,1.76939227053252e-05,0.492616348746702
NM_005842.2,HELLS,3070,turquoise,0.0678841471629832,0.483072070118773,-0.0122672773071855,0.899255144918951,0.114576202399248
NM_032043.1,JAG2,3714,turquoise,-0.0675847177106503,0.485008775382691,0.270198126581175,0.00449044287373744,-0.169494332523296
NM_006219.1,NA,NA,turquoise,-0.064381491055159,0.505984138154812,0.44083088983395,1.60735842930985e-06,0.260884711059919
NM_002107.3,GSK3B,2932,turquoise,-0.0631767925609024,0.513992757265998,0.290390926285874,0.00219050560521394,0.191366783250662
NM_005501.2,PPARG,5468,turquoise,0.0617975009696912,0.52324121357924,-0.538386706042996,1.55868802655661e-09,-0.251006177529422
NM_001184.2,ARNT2,9915,turquoise,-0.0607713659192426,0.530175883347993,0.49595720701437,4.16392397682333e-08,0.206654575353613
NM_017422.4,SFRP4,6424,turquoise,-0.0604435304202448,0.532401071957845,0.379341643307824,4.74365051049477e-05,0.497381170864152
NM_031283.1,POLB,5423,turquoise,-0.0602941755907807,0.53341636347628,0.505802220002106,2.0212258460524e-08,0.448279287790189
NM_172164.1,SOCS1,8651,turquoise,0.0596758360052134,0.537629982434847,0.316949419681243,0.000785337201265059,-0.00187116367546951
NM_004203.3,FST,10468,turquoise,-0.0591771696670151,0.541040061586619,0.319625594610984,0.000704448038067342,0.011913634274762
NM_012222.2,MECOM,2122,turquoise,0.0590928575924323,0.541617672279068,0.461382213623835,4.43488391126967e-07,0.243024166110229
NM_001278698.1,TGFBR2,7048,turquoise,-0.0562092925713527,0.561553290928051,0.369599408302655,7.64567213517095e-05,0.095387870746651
NM_057158.2,PPP2R2C,5522,turquoise,-0.0561086597018101,0.56225528699617,-0.504748384707333,2.1861986760126e-08,0.0575273864434158
NM_001146.3,PRKCA,5578,turquoise,-0.055652294864843,0.565444036623014,0.437952734597401,1.91229667049667e-06,0.164480928601006
NM_005524.2,HDAC5,10014,turquoise,0.0556449587541083,0.565495365978179,-0.336962716575771,0.00033992018550583,0.199085488523747
NM_006265.2,RPA3,6119,turquoise,-0.0543868073986443,0.574330887519344,0.387018625856156,3.22153595335597e-05,0.00871409494391483
NM_203401.1,ZNF143,7702,turquoise,-0.0539144432790871,0.577664676307384,0.70628905283473,9.59127206915574e-18,0.173353958440484
NM_152424.3,JAK3,3718,turquoise,-0.0537798899039286,0.578615949964701,0.630858675553214,1.94781556263873e-13,0.416311884259534
NM_002969.3,FGF21,26291,turquoise,0.0517988149757287,0.592705130584392,0.366417773397376,8.90635016694564e-05,0.0348735234972038
NM_032335.3,VPS33B,26276,turquoise,-0.0513988292684694,0.59556848912951,0.53836819614103,1.56108074847191e-09,0.449702217417354
NM_005120.2,LAMA5,3911,turquoise,0.050678062429437,0.600743847137418,0.324700493238813,0.000571653700691587,0.247119795893995
NM_001259.5,FGF1,2246,turquoise,-0.0484959305406746,0.616533008929988,0.267190933119745,0.00497499746412118,0.454959752389356
NM_004964.2,CDC14A,8556,turquoise,0.0477155443158229,0.622222859562902,0.272586262284742,0.00413615052571893,0.157031569853316
NM_001546.2,PIK3CB,5291,turquoise,0.0465464412080886,0.630788589432905,0.312224018025928,0.000949201212716742,0.169747643839478
NM_005521.3,ITGA7,3679,turquoise,0.0443611620205335,0.646930742369502,0.536976389502016,1.75146350131995e-09,0.0340234959944927
NM_005163.2,PLD1,5337,turquoise,-0.0409958107322372,0.672111124507191,-0.423512657848837,4.46477684699428e-06,0.157697630694329
NM_017763.4,SMC1B,27127,turquoise,0.038853763720341,0.688331701150345,-0.455223817896304,6.58127251089503e-07,-0.31222044986433
NM_001024688.1,NF2,4771,turquoise,0.0387536411106576,0.689093415705611,0.259206842655647,0.00649507201447942,0.0167121428438823
NM_001962.2,TTC31,64427,turquoise,0.0380712102803009,0.69429347017677,0.343391424970156,0.000256590155771555,0.331501581989423
NM_000368.3,IL7,3574,turquoise,0.0377874095806054,0.696460203626847,-0.445670003096334,1.19592088563239e-06,-0.0570404746034404
NM_001204318.1,NA,NA,turquoise,0.0363814061878658,0.707230369935323,-0.4162745439581,6.73131809997279e-06,-0.139544831842694
NM_000077.3,EFNA5,1946,turquoise,0.0362344175276614,0.708359708577868,0.556414214717051,3.34469881142764e-10,0.129154053281352
NM_001127208.2,TRAF7,84231,turquoise,0.0347896372868159,0.719493515802246,-0.411144884034541,8.95338392233698e-06,0.200540370913
NM_004302.3,CD19,930,turquoise,0.0338853318586946,0.726492451331489,-0.289735403593196,0.00224400187538333,0.00334443654588153
NM_002691.2,MCM5,4174,turquoise,-0.0336841277286907,0.72805277462044,0.550666431592499,5.51808219633272e-10,-0.0153464430118573
NM_013261.3,LAMC3,10319,turquoise,-0.0332325128300647,0.731559055421086,0.193851049702335,0.0434110838929965,0.165877052851783
NM_005631.3,ETV1,2115,turquoise,-0.0330624060418704,0.7328811818375,0.600320229558813,5.22048498838668e-12,0.33402645059254
NM_002737.2,CBL,867,turquoise,0.0314939306654701,0.745108270351805,0.400922887119533,1.55908401408501e-05,0.273681868588754
NM_005560.3,PPARGC1A,10891,turquoise,0.0307237381872157,0.751135801564111,-0.528464382169488,3.50072963407928e-09,-0.084177578832635
NM_007194.3,CDC6,990,turquoise,-0.0301814123782153,0.755389071978926,0.363907142188261,0.000100350269392986,0.161606266819274
NM_201282.1,PPP3CB,5532,turquoise,-0.0299722082366697,0.757031750197628,0.486313223051224,8.27072567106294e-08,0.484599301144838
NM_213600.2,BNIP3,664,turquoise,0.0294806365707589,0.760895837382201,-0.451396012615529,8.37884030152525e-07,-0.090789914329887
NM_000136.2,WNT2B,7482,turquoise,0.0294164660273586,0.761400697935308,0.353229557852523,0.000164883612566609,0.0326730947042398
NM_020630.4,SOX17,64321,turquoise,0.0286879704142049,0.767139098331642,-0.517403464644309,8.37081601360948e-09,-0.324326785451494
NM_004095.3,PRDM1,639,turquoise,-0.0261340992861062,0.787353779330904,0.393237962957638,2.3378908245992e-05,0.242562215940632
NM_000321.1,CEBPE,1053,turquoise,-0.0240874145067145,0.803657225143243,-0.359443031735128,0.000123767533473527,0.170567717081857
NM_015477.1,LAT,27040,turquoise,-0.0218502843798238,0.821574317794364,-0.0767528522809118,0.427628644487279,-0.0161262645114552
NM_000075.2,CEBPA,1050,turquoise,-0.0210571763152026,0.827948902136473,0.350629181910941,0.000185590281133701,-0.0152810936671406
NM_002207.2,RFC3,5983,turquoise,-0.0195943669741848,0.839735254731472,0.309038675880893,0.00107667503381229,0.159297385217659
NM_004304.3,FGF4,2249,turquoise,-0.0180192364565735,0.85246628078917,0.350292526578142,0.000188440583004025,0.155580462324923
NM_003877.3,CCND2,894,turquoise,0.017452425052273,0.857057013562315,-0.316576338561334,0.000797265338394301,-0.0968990222063143
NM_003012.3,CC2D1B,200014,turquoise,0.014790813544899,0.878675339496241,0.487297798222492,7.71853555671608e-08,0.134541269675285
NM_004235.4,HDAC4,9759,turquoise,0.0147610674824436,0.878917480428561,-0.216049782213897,0.0240493741460084,0.140515335751595
NM_002467.3,B2M,567,turquoise,0.0133704641968003,0.890249452319762,0.460752929659948,4.61905946970864e-07,-0.0758531642288753
NM_003994.4,NODAL,4838,turquoise,-0.0129722536092621,0.893498633216075,-0.58236534125986,3.08399902172062e-11,-0.141057514994804
NM_001262.2,MAP2K1,5604,turquoise,-0.0127845565358002,0.89503075345027,0.297251418668315,0.00169591449263187,-0.137183588641209
NM_024420.2,MUTYH,4595,turquoise,-0.0120511813487484,0.901020746015402,0.585330242999128,2.31726004805623e-11,0.266783457754244
NM_022965.2,MAP3K14,9020,turquoise,-0.0105833780525719,0.913025702448233,-0.369954488771744,7.51580013966578e-05,-0.268037942399947
NM_001350.3,CASP3,836,turquoise,-0.00914988103136631,0.924769010299418,0.291961231737228,0.00206701140508347,-0.0528521488278318
NM_173157.1,IL1B,3553,turquoise,0.00799095713805947,0.934274945279906,0.33143671470605,0.000430798745825919,0.201854099275345
NM_003671.3,PRPF38A,84950,turquoise,0.00754454010479013,0.93793916801643,0.470025850067625,2.51503299517184e-07,0.375214888768121
NM_002072.2,ERCC6,2074,turquoise,-0.00752141814982319,0.938128990627024,-0.355389008450775,0.000149339136271564,-0.0423028736866885
NM_004360.2,BCL2L1,598,turquoise,-0.00624690001446687,0.948597374251757,-0.278201092933086,0.00339973715558383,-0.0274037173539276
NM_003508.2,DUSP8,1850,turquoise,-0.00318884879534793,0.973747304188582,0.72192399920508,8.19689966907975e-19,0.174827446674041
NM_002214.2,MSH6,2956,turquoise,0.00313442409208815,0.974195208671605,0.556856345400384,3.2170660057867e-10,0.201755558424317
NM_203349.2,PIK3R5,23533,turquoise,0.00274400747856741,0.9774084865582,0.489438392324652,6.63690895357063e-08,0.0463559241999242
NM_000222.1,BRCA1,672,turquoise,-0.00188114694405254,0.984511367133707,0.334150765522348,0.000383686713457157,0.308620265948612
NM_002010.2,PLA2G4E,123745,turquoise,0.000846993229690386,0.993025842597113,0.418385705607488,5.9775038861506e-06,0.193551638639402
NM_000346.2,APC,324,turquoise,-0.000799427360301044,0.993417491795304,0.395150433873913,2.11564352833615e-05,0.334196148983564
NM_001001655.2,TPO,7173,turquoise,-0.00061597546545579,0.994928017001922,0.145688773946395,0.130641528000959,-0.148512863985994
NM_017412.2,DTX1,1840,turquoise,0.00051826690451983,0.99573254752229,0.368681153843918,7.99129125106241e-05,0.30669083336601
NM_001127325.1,IL20RA,53832,turquoise,1.07752030456022e-05,0.9999112756717,0.417911571218454,6.13951856949985e-06,0.19521608906621
